Name,Score
Eliud Kipchoge,1466
Birhanu Legese,1418
Lelisa Desisa,1397
Lawrence Cherono,1394
Mosinet Geremew,1382
Vincent Kipchumba,1373
Mule Wasihun,1370
Sisay Lemma,1369
El Mahjoub Dazza,1364
Kaan Kigen Özbilen,1360
Kelkile Gezahegn,1355
Soloman Deksisa,1351
Mathew Kipkoech Kisorio,1349
Mo Farah,1345
Asefa Mengstu,1341
Tsedat Abeje Ayana,1341
Bashir Abdi,1338
Amos Kipruto,1336
Elisha Rotich,1336
Benson Kipruto,1336
Geoffrey Kamworor,1335
Suguru Osako,1335
Barnabas Kiptum,1334
Shura Kitata,1333
El Hassan El Abbassi,1332
Emmanuel Saina,1328
Dejene Debela,1327
Fikre Bekele,1327
Dawit Wolde,1326
Leul Gebresilase,1321
Bedan Karoki,1319
Aychew Bantie,1319
Paul Lonyangata,1315
Albert Korir,1314
Andualem Belay Shiferaw,1313
Stephen Mokoka,1312
Reuben Kerio,1310
Herpasa Negasa,1309
Filex Kipchirchir Kiprotich,1308
Felix Kimutai,1307
Getaneh Molla,1306
Martin Kiprugut Kosgey,1306
Hayle Lemi,1303
Abrha Milaw Asefa,1303
Marius Kimutai,1303
Philemon Rono,1302
Kinde Atanaw,1300
Thomas Kiplagat,1299
Mekuant Ayenew Gebre,1298
Shifera Tamru,1297
Birhan Nebebew,1296
Mike Kiptum,1293
Abebe Negewo Degefa,1292
Daniel Kibet,1292
Gebretsadik Abraha,1291
Kenneth Kiprop Kipkemoi,1288
Yuta Shitara,1285
Seifu Tura,1285
Edwin Koech,1285
Evans Chebet,1283
Vincent Rono,1279
Philemon Kacheran,1279
Yitayal Atnafu Zerihun,1277
Tadesse Abraham,1277
Regasa Bejiga,1277
Anthony Maritim,1276
Abdi Nageeye,1276
Reuben Kiprop Kipyego,1275
Koen Naert,1274
Mohamed Ziani,1274
Michael Kunyuga,1273
Morris Munene Gachaga,1272
Jonathan Korir,1272
Deme Tadu Abate,1270
Guye Idemo Adola,1270
Justus Kimutai,1270
Solomon Kirwa Yego,1269
Bonsa Dida,1269
Tsegaye Kebede,1268
Callum Hawkins,1267
Felix Kipchirchir Kandie,1267
Titus Ekiru,1267
Tesfa Wokneth,1267
Kipkemoi Kipsang,1266
Tamirat Tola,1265
Asefa Mengisa,1265
Felix Chemonges,1263
Zersenay Tadese,1262
Abera Kuma,1261
Christian Pacheco,1259
Raymond Kipchumba Choge,1259
Alemu Bekele,1259
Yuma Hattori,1258
Silas Mwetich,1257
Ayele Abshero,1256
Berga Birhanu Bekele,1256
Galen Rupp,1253
Yihunilign Adane,1253
Taku Fujimoto,1251
Eric Kiptanui,1251
Joel Kemboi Kimurer,1251
Birhanu Teshome,1251
Belay Asefa Bedada,1251
Wilson Kipsang Kiprotich,1250
Solomon Mutai,1250
Okubay Tsegay,1249
Derlys Ayala,1248
Benson Seurei,1248
Aweke Ayalew,1248
Tesfaye Lencho Anbesa,1248
Tsegaye Getachew,1248
Daniel Muindi,1248
Mark Kosgei Kiptoo,1248
Maru Teferi,1247
Olika Adugna,1246
Betesfa Getahun,1246
Geoffrey Kirui,1246
Limenih Getachew,1246
Dickson Chumba,1245
Bazu Worku Hayla,1245
Amanuel Mesel,1244
Fikadu Kebede,1243
Hamid Ben Daoud,1242
Deribe Robi,1242
Guojian Dong,1241
Afewerk Mesfin,1241
Girmay Birhanu Gebru,1241
Shumet Akalnew,1239
Kenneth Keter,1238
Edwin Koech,1238
Adugna Takele,1238
Hillary Kipsambu,1237
Hicham Laqouahi,1237
Hiskel Tewelde,1236
Deso Gelmisa,1236
Chele Dechasa,1236
Dominic Ruto,1236
Gideon Kipkemoi Kipketer,1235
Ezekiel Kemboi Omullo,1235
Javier Guerra,1234
Samuel Ndungu,1233
Josphat Boit,1232
Jimma Shambel,1231
Hamza Sahli,1230
Dickson Tuwei,1229
Sondre Nordstad Moen,1228
Kennedy Cheboror,1228
Jackson Kiprop,1227
Asnake Dubre,1227
Balew Yihunle,1226
Robert Kipkemboi,1225
Barselius Kipyego,1224
Shogo Nakamura,1224
Goitom Kifle,1224
Laban Kipngetich Korir,1224
Fred Musobo,1223
Laban Mutai,1222
Paul Maina,1221
Othmane El Goumri,1221
Tesfamriam Samuel Tsegay,1220
Simon Kariuki,1220
Vincent Kipsegechi Yator,1219
Ryu Takaku,1218
Evans Korir,1218
Stanley Bett,1218
Abrar Osman,1218
Daisuke Uekado,1217
Yassine Rachik,1217
Douglas Kimeli,1217
Daichi Kamino,1216
Abdi Fufa,1216
Beshah Yersiie,1216
Joshua Kipkorir,1215
Yusuke Ogura,1214
Jo Fukuda,1214
Julius Tuwei,1214
Geofrey Kusuro,1213
Tariku Kinfu,1213
Terefa Debela,1213
Stephen Chemlany,1212
Fikadu Teferi,1212
Hosea Kiprono,1212
Eyob Ghebrehiwet Faniel,1211
Tsegay Tuemay,1211
Elija Kemboi,1211
Alemayehu Ameta Belachew,1211
Mohamed Reda El Aaraby,1211
Daniel Kinyua,1210
Augustino Paulo Sulle,1210
Ashenafi Moges,1210
Abdi Ali Gelelchu,1210
Girmaw Amare,1209
Polat Kemboi Arikan,1208
Leonard Langat,1208
Robert Kwambai,1208
Peter Kwemoi,1206
Silas Too,1206
Gizachew Negasa,1206
Duncan Kipkurui Maiyo,1206
Jake Robertson,1205
Shumi Dechasa,1205
Leonard Korir,1204
Abel Kipchumba,1204
Kang Bom Ri,1204
Jacob Kibet Chulyo Kendagor,1204
Duber Abdisha,1204
Lemi Dumecha,1203
Zelalem Bacha,1203
Samuel Kiplimo Kosgei,1202
Kiprotich Kirui,1201
Robert Chemonges,1201
Alphonce Felix Simbu,1201
Sammy Kigen,1201
Albert Kangogo,1200
Hosea Kipkemboi,1200
Abdi Kebede,1200
Abdela Godana,1198
Satoru Sasaki,1197
Kenji Yamamoto,1196
Andrew Ben Kimtai,1196
Shin Kimura,1195
Yohanes Ghebregergis,1194
Hillary Kipchumba,1194
Elroy Gelant,1192
Mathew Kipsaat,1192
Wondwosen Feleke,1192
Jared Ward,1190
Derara Hurisa,1189
Takuya Fujikawa,1187
Stephen Kiprotich,1187
Brimin Kipkorir,1187
Hiribo Shano,1187
Julius Kiprono,1187
Asbel Kipsang,1187
Shengo Kebede,1187
Olivier Irabaruta,1186
Jacob Riley,1186
Yuki Sato,1185
Masato Kikuchi,1185
Bethwel Yegon,1185
Fikadu Haftu,1184
Evans Sambu,1184
Emmanuel Kibet,1184
Alebachew Wale,1182
Merhawi Kesete,1182
Daniel Mateo,1181
Hayato Sonoda,1181
Bernard Too,1181
Bekele Muluneh,1181
Stephen Kiplimo,1180
Stephen Scullion,1179
Geoffrey Yegon,1179
Victor Kiplimo,1179
Scott Fauble,1178
Ezekiel Kimalel Cheboitibin,1178
Sylvester Kimeli Teimet,1177
Yuji Iwata,1177
Gezahagn Zelalem,1176
Liam Adams,1176
Daniel Mesfun,1176
Jackson Kibet Limo,1176
Brett Robinson,1175
Abdi Abdirahman,1175
Cameron Levins,1175
Cosmas Kyeva,1175
Deresa Geleta,1175
Yuki Kawauchi,1175
Fentahun Hunegnaw,1175
Dadi Yami Gemeda,1174
Nicholas Kirwa,1174
Noah Kiprotich Kigen,1174
Jianhua Peng,1173
Tadashi Isshiki,1173
Eulalio Munoz,1173
Edwin Kiptoo,1173
Kenneth Kiplagat,1173
David Kiprono,1173
Juan Pacheco,1173
Haimro Almaya,1172
Oqbe Kibrom Ruesom,1171
Bira Seboka,1170
Kenta Murayama,1169
Luke Kibet,1169
Alemu Gemechu,1169
Robert Chemosin,1169
Wilfred Kipkosgei Murgor,1168
Tadesse Tola,1168
Edwin Kosgei,1167
Kensuke Horio,1166
Thomas Ayeko,1165
Mikel Kiprotich Mutai,1165
Ryo Hashimoto,1165
Sahlesilassie Nigussie,1165
Yuichi Yasui,1164
Girma Bekele,1164
Werkuneh Seyoun Aboye,1164
Augustus Maiyo,1163
Bernard Kimani,1162
Minato Oishi,1162
Yuta Shimoda,1162
Jose Luis Santana Marin,1162
Festus Talam,1161
Eliud Kibet Too,1161
Cosmas Birech,1161
Mohamed El Talhaoui,1161
Joaquin Arbe,1160
Haruki Minatoya,1160
Moses Gaikarira,1160
Stephen Kipkoech Kibiwott,1160
Stephen Chebogut,1159
Nicholas Rotich,1158
Mogos Shumay,1158
Edwin Kirwa,1158
Taiga Ito,1158
Khoarahlane Seutloali,1158
Naoki Okamoto,1157
Husen Muhammed Esmail,1157
Il Ryong Han,1157
Takuya Fukatsu,1156
Monatcer Zaghou,1155
Nicolas Navarro,1155
Toshiki Sadakata,1154
Elisha Kiprop Barno,1154
Tebalu Zawude Heyi,1154
Solomon Lema,1154
Berhanu Heye,1154
Parker Stinson,1153
Byambajav Tseveenravdan,1153
Alemayehu Lema,1152
Jack Rayner,1151
Daniele Meucci,1151
Yoshiki Takenouchi,1151
Nicodemus Kimutai,1151
Jamin Ekai,1151
Ryoichi Matsuo,1151
Japheth Kosgei,1151
Yassine El Fathaoui,1150
Daiji Kawai,1149
Lemawork Ketema,1149
Shohei Otsuka,1148
Richard Kiprop,1148
Gilbert Yegon,1148
Dominic Letting,1148
Hiroto Inoue,1147
Kentaro Nakamoto,1146
Michel Githae,1146
Collins Cheboi,1146
Khalil Lamciyeh,1145
Onesphore Nzikwinkunda,1145
David Nilsson,1144
Tsukasa Koyama,1144
Shuhei Kurata,1144
Hicham Bofars,1143
Paul Waweru,1143
Tafese Delegen,1143
Ronald Korir,1143
John Langat,1143
Getafe Gelaw,1141
Tiidrek Nurme,1141
Arne Gabius,1141
Juan Antonio Pérez,1140
Felicien Muhitira,1140
Camilo Raul Santiago,1140
Tadesse Dabi,1140
James Barmasai,1140
Cybrian Kotut,1140
Lucas Kimeli Rotich,1140
Kento Otsu,1139
Patrick Siele,1139
Jonathan Mellor,1139
Henry Kipsigei Chirchir,1139
Vitalis Kwemoi,1139
Philip Kangogo,1138
Junichi Tsubochi,1138
Hidekazu Hijikata,1137
Meshak Koech,1137
Nguse Amlosom,1137
Moses Kiptoo,1137
Jerrell Mock,1136
Juan Luis Barrios,1136
Taiki Yoshimura,1136
John Lotiang,1136
Kenneth Mburu Mungara,1136
Jackson Kobut Kipkoech,1136
Takumi Kiyotani,1135
Iraitz Arrospide,1135
Iván Fernández Anaya,1135
Bernard Sang,1134
Bilal Marhoum,1134
Matt Llano,1134
Oleksandr Sitkovskiy,1134
Douglas Chebii,1134
Paul Katisha Matheka,1134
Yuta Takahashi,1134
Desmond Mokgobu,1133
Mathew Kiptoo,1133
Debele Belda,1132
Yang Le,1132
Lawi Kiptui,1132
Hillary Kipkoech Bett,1132
Kengo Suzuki,1130
Matt Mcdonald,1130
Brogan Austin,1130
Willy Canchanya,1130
Malcolm Hicks,1130
Masato Imai,1130
Ayad Lamdassem,1129
Houssame Eddine Benabbou,1129
Justus Kiprotich,1129
Yimer Getahun,1128
Paulo Roberto De Almeida Paula,1128
Kevin Seaward,1128
Birhanu Addisie,1128
Berhane Tsegay Tekle,1128
Ryoma Takeuchi,1128
Youssef Sbaai,1128
Yuki Tsutsumi,1128
Dewi Griffiths,1127
Tsubasa Hayakawa,1127
Stephen Kipchirchir,1127
Pharis Kimani,1127
Natsuki Terada,1127
Yuya Yoshida,1126
Trevor Hofbauer,1126
Belay Tilahun Bezabeh,1126
Josphat Leting,1126
Amanal Petros,1125
Peter Herzog,1125
Shaohui Yang,1124
Bernard Lagat,1124
Allan Kiprono,1124
Samuel Mwaniki,1124
Noah Kemboi Kangogo,1124
Hiroki Sugawa,1123
Hiroyuki Yamamoto,1122
Keita Shitara,1122
Paul Kipkorir Kipkemboi,1122
Marcin Chabowski,1122
Eliud Barngetuny,1122
Yemane Tsegay,1122
Silas Kipngetich Sang,1122
Hiroki Yamagishi,1122
Ezekiel Chepkorom,1122
Gilbert Chumba,1122
Felix Kibitok,1122
Kalipus Lomwai,1122
Daniel Chaves Da Silva,1122
Elkanah Kibet,1122
Hiromasa Kumahashi,1121
Shuho Dairokuno,1121
Adbi Hakin Ulad,1121
William Wanjiku,1121
Michael Clohisey,1120
Abel Kirui,1120
Teshome Girma,1120
John Korir,1120
Endale Abayneh,1120
Junnosuke Matsuo,1119
Jong-Sub Shim,1119
Brendan Gregg,1119
Scott Smith,1119
Melkam Jamber,1119
Roba Gebre,1119
Kazuki Takeshita,1119
Thijs Nijhuis,1118
Mykola Nyzhnyk,1118
Alex Kibet,1118
Motlokoa Mkhabutlane,1118
Tadesse Temechachu,1118
Moses Mwarur,1118
Florian Carvalho,1117
Ebba Tulu Chala,1117
Hendrik Pfeiffer,1117
Abraham Akopesha,1117
Samuel Lomoi,1117
Hugh Armstrong,1116
Weldu Negash Gebretsadik,1116
Daisuke Hosomori,1116
Kennedy Kwemoi,1116
Wilson Kwambai Chebet,1116
Mustafa Mohamed,1115
Martin Hehir,1115
Zicheng Li,1115
Alex Saekwo,1115
Cyrus Mutai,1115
Yohei Suzuki,1114
Chihiro Miyawaki,1114
Tomoyasu Matsui,1114
Edwin Kiptoo,1114
Stepan Kiselyov,1114
Cosmas Matolo,1114
Cj Albertson,1114
Bazezew Asmare,1114
Bernard Kiprop Kipyego,1113
Henryk Szost,1113
Abraham Girma,1113
Khalid Choukoud,1112
Godfrey Kosgei,1112
Shogo Kanezane,1112
Kibrom Weldemicael,1112
Yavuz Agrali,1112
Justus Kangogo,1112
Andrew Colley,1111
Shadrack Kiptoo Biwott,1111
Asefa Bekele,1111
Segundo Jami,1111
Ryuji Okada,1110
Azmeraw Mengistu,1110
Erick Leon Ndiema,1110
Siraj Amda Gena,1110
Joel Mwaura,1109
Jonas Hampton,1109
Tom Gröschel,1109
Dereje Debele,1109
Kenta Inuma,1108
Mert Girmalegesse,1108
Demeke Kasaw,1108
Kohei Ogino,1107
Wellington Bezerra Da Silva,1107
Habtamu Asefa,1107
Noah Droddy,1107
Colin Mickow,1107
Stephen Sambu,1106
Yasuyuki Nakamura,1106
Shume Tafa,1106
Haimanot Mateb,1106
Miguel Ángel Barzola,1105
Dinghong Yang,1105
William Yegon,1105
Cornelius Kibiwott,1105
Nicolás Cuestas,1105
Daniel Muiva Kitonyi,1104
Joseph Munywoki,1104
Tiruneh Chalachev,1104
Shin-Ichi Yamashita,1104
Wilkerson Given,1104
Mathew Kemboi,1104
Naoya Sakuda,1103
Tristan Woodfine,1103
Paul Kiprop,1103
Josh Izewski,1103
Ryo Matsumoto,1102
Alex Monroe,1102
Hiroto Kanamori,1102
Tyler Pennel,1102
Connor Mcmillan,1102
Chesari Kirui Jacob,1102
Stefano La Rosa,1101
Colin Bennie,1101
Brian Shrader,1101
Leonard Patrick Komon,1101
Bernard Koech,1101
John Raneri,1101
Asuka Tanaka,1101
Taiki Suzuki,1100
Yuki Oshikawa,1100
Shuji Matsuo,1100
William Nyarondia,1100
Pius Dominic Ondoro,1100
Daisuke Momozawa,1100
Munyaradzi Jari,1100
Diego Estrada,1099
Tomas Hilifa Rainhold,1099
Jaume Leiva Beato,1099
Ketema Bekele Negasa,1099
Nico Montanez,1099
Valentin Pfeil,1098
Duncan Cheruiyot Koech,1098
Bernard Kitur,1098
Enoch Nadler,1098
William Milam,1098
Bohdan-Ivan Horodyskyy,1097
Musa Babo,1097
Melikhaya Frans,1096
Mariusz Giżyński,1096
Kwang-Sik Shin,1096
Masanori Sumida,1096
Hassane Ahouchar,1095
Jaouad Kallouz,1095
Moses Mengich,1095
Kohei Matsumura,1094
Samuel Chelanga,1094
Adam Nowicki,1094
David Kipkoech,1094
Ayumi Sato,1093
Ezekiel Jafary Ngimba,1093
Elias Kemboi,1093
Rodgers Gesabwa,1093
Frank Futselaar,1093
Takahiro Nakamura,1092
Ageze Guadie,1092
Muryo Takase,1092
Daniel Kiptoo,1092
Rory Linkletter,1091
Nelson Ito Ocuro,1091
Soji Ikeda,1091
Yousheng Guan,1091
Shota Saito,1091
Bethwell Kipkemboi,1091
Paul Pollock,1090
Birhanu Dare Kemal,1090
Samuel Demie,1090
Hiroto Fujimagari,1090
Ryota Komori,1090
Tekletsion Tefera,1089
Kohei Futaoka,1089
Henry Kiprop,1089
Yuki Munakata,1088
Thonakal Gopi,1088
Martin Mendez,1088
Tyler Jermann,1088
Patricio Castillo,1087
Bart Van Nunen,1087
Yuichi Okutani,1087
Charles Wachira Maina,1087
Igor Olefirenko,1087
Redouan Nouini,1087
Daisuke Horiai,1087
Mark Kangogo,1087
Koji Kobayashi,1087
Moses Too,1086
Erenjia Jia,1086
Hosea Tuwei,1086
Yuya Asaka,1086
Tadesse Asefa,1085
Ryo Kuchimachi,1085
Nobuyuki Matsumoto,1084
Collen Mulaudzi,1084
Habtamu Arega,1084
Soressa Chala,1084
David Kogei,1084
Tadashi Suzuki,1083
Adhanom Abraha,1083
Patrick Smyth,1083
Edwin De Vries,1082
Fikre Workneh,1082
Felix Keny,1082
Weldon Kirui,1082
Andrew Epperson,1082
Keisuke Tanaka,1081
Philemon Cheboi,1081
Koki Takada,1080
Caden Shields,1080
Sae Makino,1080
Paul Kuira,1079
Takuma Shibata,1079
Munkhbayar Narandulam,1079
Abderrahmane El Mojibi,1079
Adil Oulad Lidame,1079
Thabiso Benedict Moeng,1079
Peng Gao,1078
Reid Coolsaet,1078
Ryo Ishida,1078
Mustapha El Ouartassy,1078
Masaru Aoki,1077
Ryan Vail,1077
Ben St. Lawrence,1077
Harbert Okuti,1077
Joseph Whelan,1077
Samuel Karani,1077
Nick Van Peborgh,1076
Arkadiusz Gardzielewski,1076
Benjamin Choquert,1076
Joshua Griffiths,1076
Kansuke Morihashi,1076
Takahiro Gunji,1076
Matthew Kiprotich,1076
Fumihiro Maruyama,1075
David Manja,1075
Emmanuel Sikuku,1075
Hiroto Kunishi,1075
Denis Chirchir,1075
Joe Stilin,1074
Koki Tanaka,1074
Samwel Maswai,1074
Jesús Arturo Esparza,1074
Remigijus Kančys,1074
Cairen Suolang,1073
Thomas De Bock,1073
Yohans Mekasha,1073
Ahmed Osman,1073
Wang Xu,1072
Keisuke Kusaka,1072
Matthew Clowes,1072
Tim Ritchie,1072
Nao Kazami,1072
Derek Hawkins,1072
Uladzislau Pramau,1071
Anouar El Ghouz,1071
Andrew Davies,1071
Shusei Ohashi,1071
Pius Karanja,1071
Juan Alberto Mena,1071
Felix Kipchumba,1071
Feyissa Mulgeta,1071
Andrey Leyman,1070
Alan Peterson,1070
Ercan Arslan,1070
Ahmed Tamri,1070
Dennis Rutoh,1070
Rui Pinto,1069
Takashi Ichida,1069
Kazuki Noda,1069
Gary O'Hanlon,1069
Getachew Kene Tufa,1069
Issac Kibiwot,1069
Patrik Wägeli,1069
Takuji Morimoto,1068
Roman Fosti,1068
Masanori Sakai,1068
Colin Leak,1068
Tyler Mccandless,1067
Chia-Che Chang,1067
Yuki Okano,1066
Craig Hunt,1066
Shingo Mizota,1066
Hammington Kimaiyo,1066
Nic Harman,1065
Hyun-Su Shin,1065
Fyodor Shutov,1065
Eneko Agirrezabal,1064
Roman Romanenko,1064
Dan Kremske,1064
Evans Kigen,1064
Yuta Inage,1064
Hidenori Nagai,1063
Abdenasir Fathi,1063
Sintayehu Legese,1063
Ben Sathre,1063
Julian Spence,1062
Hiroshi Ichida,1062
Evan Esselink,1062
Edson Arruda Santos,1062
Ricardo Rosado,1062
Geoffrey Ronoh,1062
Daniel Jones,1062
Nixon Cherutich,1062
Geoffrey Birgen,1062
Isaias Habtemicael Beyn,1061
Shota Miyagami,1061
Guoshun Luo,1060
Jawad El Jazouli,1060
Aleksey Troshkin,1060
Abraham Kiplagat,1059
Wilfried Korir,1059
Wesley Korir,1059
Peter Cheruiyot Kirui,1058
Grant Fischer,1058
John Will Nation,1058
David Tarus,1058
Nicholas Chelimo Kipkorir,1058
Ömer Alkanoglu,1058
Abel Rop,1058
Isaac Kimutai,1057
Milton Rotich Kiplagat,1057
Yuriy Chechun,1057
Julius Kipyego Keter,1057
Mijue Nima,1056
Luis Alberto Orta,1056
Boniface Kongin,1056
James Tallam Cheruitich,1056
Ri Yong Nam,1056
Jiří Homoláč,1055
Yusuke Tobimatsu,1055
Young-Jin Kim,1055
Rene Ortiz,1055
Wycliffe Biwott,1055
Kazuki Muramoto,1055
Akihiro Kaneko,1055
Kevin Lewis,1054
Tobias Blum,1054
Sammy Rotich,1054
Üzeyir Söylemez,1054
Tyler Pence,1054
Shadrack Kipkogey,1054
Ngonidzashe Ncube,1054
George Manyiror,1054
Tianyu Chen,1053
Sergiu Ciobanu,1053
Abdelkabir Saji,1053
Simon Kirui Kiprugut,1053
Richard Kiplimo,1053
Iskander Yadgarov,1052
Shingo Igarashi,1052
Yongyuan Li,1052
Deriba Degefa,1052
Simon Stützel,1052
Shuhei Shirota,1051
Philani Buthelezi,1051
Aaron Braun,1051
Michel Butter,1051
Bernard Rotich,1051
Raymond Kemboi,1051
Mick Iacofano,1051
Daniel Vargas De Jésus,1050
Melaku Belachew,1050
Felix Kirui,1049
Urgesa Kedir,1049
Boniface Nduva,1049
Luis Carlos Rivero,1049
Danny Docherty,1049
Paul Kosgei,1049
Tsuyoshi Yotsuji,1049
Szymon Kulka,1048
Seth Totten,1048
Takuya Noguchi,1048
Liang Tie,1048
Dominic Mibei,1048
Charlie Hulson,1048
Josphat Kiptanui Too,1048
Scott Overall,1048
Giovanni Grano,1048
Benjamin Serem,1048
Micah Kemboi Kogo,1048
Gemechu Edeo Kelu,1048
Olkeba Jene,1048
Reuben Kemboi,1048
Geoffrey Kiprotich Birgen,1048
Vagner Da Silva Noronha,1047
Brimin Kiprop Kipruto,1047
Aragaw Yitbarek Meseret,1047
Marcos Condorhuaman,1047
Patrick Cheruiyot,1046
Nicholas Caprario,1046
Deribe Tefera,1046
Ui-Jin Jung,1045
Yukio Fujimura,1045
Yuki Takamiya,1045
Daiki Taguchi,1044
Sean Hehir,1044
Ezekiel Kimeli,1044
Robert Wambua Mbithi,1044
Ronald Kurgat,1044
Shun Yuzawa,1043
Shuji Yoshikawa,1043
Rahal Bouchfar,1042
Evans Kiplagat,1042
Julius Muriuki,1042
Bernard Cheptoch,1042
Shunpei Oda,1042
Ryan Root,1042
Muleta Meda,1042
Nathan Ayeko,1041
Victor Kipchirchir,1041
Artyom Alekseyev,1041
Andreas Myhre Sjurseth,1041
Takumi Honda,1040
Christian Steinhammer,1040
Kohei Oshita,1040
Haile Haja Gemeda,1040
Geza Senebeta,1040
Louis Serafini,1039
Aaron Scott,1039
Ezra Kering,1039
Jeffrey Eggleston,1039
Shoya Osaki,1039
Ser-Od Bat-Ochir,1039
Williams Julajúj,1039
Kibru Kotu,1039
Sota Hoshi,1038
Getinet Mele Gedamu,1038
Edwin Kimaiyo,1038
Phillip Lagat,1038
Gezahegn Hunde,1038
Peter Le Grice,1038
Yoshiki Nakamura,1038
Hugh Williams,1037
Derese Reta,1037
Mariano Mastromarino,1037
Chris Melgares,1037
Mestan Turhan,1037
Kyle King,1037
Akinobu Murasawa,1036
Joel Reichow,1036
Mohamed Chaaboud,1036
Blair Morgan,1035
Ricardo Ramos Vargas,1035
Ian Butler,1035
David Kemboi Kiyeng,1035
Yoshiki Koizumi,1035
Richard Limo,1035
Takamitsu Hashimoto,1034
Thomas Toth,1034
Joel Kimutai,1034
Willy Ngelel,1034
Aaron Cooper,1034
Yoshiki Kawauchi,1034
Ignas Brasevičius,1034
Mykola Iukhymchuk,1034
John Mason,1034
Bo Zhou,1034
Simon Ndirangu,1034
Min-Yong Choi,1033
Eoghan Totten,1033
Gilmar Silvestre Lopes,1033
Kiprop Tonui,1033
John Kipkorir Komen,1033
Ihor Russ,1033
Bjorn Koreman,1033
Suichi Kondo,1033
Jorge Castelblanco,1033
Greg Billington,1033
Paul Martelletti,1032
Yuta Oikawa,1032
Alex Chesakit,1032
Malcolm Richards,1032
Tigu Sefe Wendemu,1032
Jonah Chesum,1031
Khamis Bakari,1031
Ihor Porozov,1031
Dylan Marx,1031
Paul Navesey,1030
Kazuya Ishida,1030
Masahiro Kawaguchi,1030
Emmanuel Roudolff-Lévisse,1030
Wataru Tochigi,1029
Fernando Cervantes,1029
Guoxiong Su,1029
William Chebon Chebor,1029
Kamil Jastrzębski,1029
Dylan Belles,1029
Masato Takahashi,1029
Takanobu Ando,1029
Mulu Jima,1029
Titus Kwemoi Masai,1029
Simon Holbek,1029
Nuno Lopes,1028
Chunhui Li,1028
Reece Edwards,1028
Tatsunori Hamasaki,1028
Sergio Reyes,1028
Kosuke Tsujimura,1028
Jarrett Leblanc,1028
Raymond Bett,1028
Feyera Gemeda,1028
Tony Ah-Thit Payne,1028
Alessio Terrasi,1028
Adamu Girma,1028
Mohamed Fathi,1028
Yosuke Tokuoka,1027
Kiya Dandena,1027
Kouta Otani,1027
Vincent Kiptoo,1027
Kinya Hashira,1027
Isaac Mpofu,1027
Hailemariam Atsebha Kahsay,1027
Mike Sayenko,1027
David Flynn,1026
Aki Nummela,1026
Pardon Ndhlovu,1026
Daniel Ortiz Perez,1026
Matt Herzig,1026
Tesfay Felfele,1026
Tasama Moogas,1026
Travis Morrison,1025
Oier Ariznabarreta,1025
Sohei Morikawa,1024
Daniel Studley,1024
Francesco Bona,1024
Lindikhaya Mhtangayi,1024
Ben Payne,1024
Isaac Kemboi Kimaiyo,1024
Fetene Alemu Regasa,1024
Jon Phillips,1023
Ryuta Matoba,1023
Bijan Mazaheri,1023
Gantulga Dambadarjaa,1023
Julius Kibet Koskei,1023
Dejene Kelkilew,1023
Will Norris,1022
Benard Chepkwony,1022
Chiharu Takada,1022
Connor Reck,1022
Tim Young,1022
Junichi Ushiyama,1022
Rory Tunningley,1022
Tetsuya Kimura,1021
Eliud N'Getich,1021
Kiyohiro Watanabe,1021
Tachlowini Gabriyesos,1021
Kum Dang Pak,1021
Ndiwa Sakong,1021
Craig Leon,1021
Ronald Schroer,1020
Péter Jenkei,1020
Brendan Martin,1020
Evan Landes,1020
John Muiriri,1020
Renxue Zhu,1019
Bugatha Srinu,1019
Tomohiro Kaijo,1019
Rabson Chigara,1019
James Wilson,1019
Reed Fischer,1019
Takaki Mori,1018
Tatuya Maruyama,1018
Xiangdong Wu,1018
Kamil Karbowiak,1017
Jeison Alexander Suarez,1017
Julius Kipngetich,1017
Chris Bendtsen,1017
Ezekiel Kipchumba,1017
Jānis Višķers,1017
Yusuf Alici,1016
Gáspár Csere,1016
Nathan Martin,1016
Mark Leinenger,1016
Charles Kigen,1016
Steven Martinez,1016
Patrick Campbell,1016
Ayumu Hisaibaru,1015
Patrick Cheruiyot,1015
Justin Mahieu,1015
Julien Devanne,1015
Jens Nerkamp,1015
Ciwang Danmuzhen,1014
Kaleab Selomon,1014
Satoru Kasuya,1014
Sammy Nyokaye,1014
Jon Aziz,1014
Tetsuya Yoroizaka,1013
Bernard Mwendia Muthoni,1013
Ruslan Khoroshilov,1013
Alex Taylor,1013
Brett Lustgarten,1013
Kazuya Azekami,1013
Berhanu Degefa,1013
Dominic Shaw,1012
Konstantinos Gelaouzos,1012
Abdelali Razyn,1012
Takuya Saito,1012
Joel Kipsang Kositany,1012
Hyung Guk Do,1012
Elijah Rugut,1012
Emil Dobrowolski,1011
Artyom Aplachkin,1011
Wenguo Fu,1011
Takeshi Okada,1011
Matthias Eymard,1011
Taher Belkorchi,1011
Giovani Dos Santos,1011
Jean Baptiste Simukeka,1011
Marius Ionescu,1011
Thomas Do Canto,1011
Christopher Kipyego,1010
Ilya Tyapkin,1010
Ryan Miller,1010
Anis Selmouni,1010
Abdu Endris,1010
Samuel Barata,1009
Yuta Koyama,1009
Michael Roeger,1009
Nkosikhona Mhlakwana,1009
Yohannesse Degefa,1009
Kenshi Shibata,1009
Manuel Jesus Cabrera Leal,1009
Maxim Răileanu,1009
Will Cross,1008
Andreas Lommer,1008
Mauricio Flandez,1008
Charlie Lawrence,1008
Hideyuki Ikegami,1008
J.J. Santana,1008
Tom Slattery,1008
Jaouad Tougane,1007
Artem Kazban,1007
Timothy Kiplagat,1007
Marcel Berni,1007
Andres Ruiz Malaver,1007
Ciaran Faherty,1007
Anthony Costales,1007
Daniel Harper,1007
Chris May,1006
Alex Mwangi,1006
Nelson Kipkogei,1006
Tsegai Tewelde,1006
Dennis Laerte,1006
Paulus Iiyambo,1006
Eduardo Terrance Garcia,1006
Argeo Cruz,1006
Ben Fletcher,1005
Jun Shinoto,1005
Jackson Neff,1005
Yuriy Rusyuk,1005
Phillip Kiplimo,1005
Yonas Kinde,1005
Ashenafi Boja,1005
Jeff Seelaus,1005
Givemore Mudzi,1005
Mohamed Boubkrini,1004
Raul Alvarez,1004
Kurt Roeser,Marathon [25 km Road]
Chunlong Yang,1004
Maurice Mosima,1004
Oscar Medina,1004
Ilie Alexandru Corneschi,1003
Max Belisario Sucapuca,1003
Hermano Ferreira,1003
Evan Gaynor,1003
Meguru Hashidate,1003
Joe Niemiec,Marathon [25 km Road]
Chase Weaverling,1002
Fernando Cabada,1002
Alfred Ronoh,1002
Bekele Tarekegn Zewdu,1002
Peter Bromka,1002
Kyle Wyatt,1002
Michael Eaton,1002
Jason Lynch,1001
Andrey Petrov,1001
Besha Teshome,1001
Mohamed Abdesalam,1001
Zheati Nian,1001
Hiroki Kai,1001
Kwang-Hyok Kim,1001
Jin-Hyeong Jeong,1001
Alessandro Giacobazzi,1000
Lazarus Yego,1000
Julien Masciotra,1000
Shunsuke Hisamoto,1000
Rubén Palomeque,1000
Philipp Baar,1000
Ryosuke Okano,1000
Ji-Ho Kim,999
Uveni Kugongelwa,999
Andrzej Rogiewicz,999
Erik Hille,999
Takeru Ikka,999
Jon Kum Il,999
Kentaro Masuda,998
Said Edrissi,998
Eric Bang,998
Nikolay Volkov,998
Philimon Terer,998
Jon Thewlis,998
Benson Oloisunga,998
Matt Lenehan,998
Soufiane Bouichou,998
Julian Heninger,998
Isaac Kiprop,998
Danny Carney,997
Eric Keogh,997
Leslie Encina,997
Ahmed Nasef,997
Abdulaziz Ebrahim,997
Kabelo Lesia,997
Takemaru Yamasaki,997
Toru Somiya,997
Shinya Ohashi,997
Samuel Morse,997
Luca Parisi,997
Silas Muturi,997
Austin Bogina,997
Sid Vaughn,996
Matthew Mcclintock,996
David Criniti,996
Jonathan Kipchirchir Chesoo,996
Shota Yamazaki,996
Martin Esteban Cuestas,996
Dario Castro,996
Mikhail Maksimov,995
Kosuke Yamada,995
Kris Mugrage,995
Evans Kipngetich,995
Jason Ayr,995
Jake Schmitt,995
Filip Vercruysse,995
Enzo Yáñez,994
Kenta Otani,994
Mark Kipchumba Rotich,994
Eric Kering,994
Robert Gititu,994
Eric Ashe,994
Taye Babeker,994
John Hakizimana,993
Tanner Fruit,993
Tomonori Sakamoto,993
Duane Fortuin,993
Sergey Zyryanov,993
Dave Ridley,993
Avelino Eusébio,993
Suleiman Abrar Shifa,992
Ezekiel Tarus,992
Roberto Saavedra De Leon,992
Fredison Carneiro Costa,992
Nick French,992
Calvin Chemoiywo,992
Johnny Rutford,991
Marco Joseph,991
Takeru Ishihara,991
Dong-Jin Lee,991
Caleb Kerr,991
Yasutaka Monde,990
Paul Koech Kimutai,990
Swarnjit Boyal,989
Youssef Ben  Haddi,989
Simon Tesfaye,989
Viktor Utsgarov,989
Bekir Karayel,989
José David Cardona,989
Kevin Havel,989
Mikhail Kulkov,989
Masashi Hashimoto,989
Patrick Hearn,989
Japhet Kipkorir,989
Ryo Tsujikawa,989
Willem Van Schuerbeeck,988
Simon Kariuki Njoroge,988
Stephen Vangampleare,988
Siyabonga Nkonde,988
Jameson Mora,988
José Sousa,988
Gerd Devos,988
Tao Wang,987
Barnabas Kipyego,987
Oska Inkster-Baynes,987
Yu Ichitsuka,987
Andrew Kwemoi Man'Gata,987
Bernard Kipkemoi,987
Laban Cheruiyot,987
Sang Hun Kim,987
Victor Kipkemei,987
Roel Wijmenga,987
Geoffrey Pyego,987
Bahetaer Wulaziaili,986
Lorenz Baum,986
Valeriy Lukin,986
Vít Pavlišta,985
Jonathan Briskman,985
Ryan Smith,985
Mizael Carrera,985
Ferenc Burucs,985
Garrett Lee,985
David Fuentes,985
Peter Muthubi,985
Bilige Bao,985
Jae-Wan An,985
Se-Ho Jo,985
Armin Flückiger,985
Chris Balestrini,984
Abdellatif Meftah,984
Michael Chege,984
Shoji Takada,984
Erick Monyenye Mose,984
Antonio Cardona,984
Eric RüTtimann,983
Christian Kreienbühl,983
Peter Wanjiru,983
Aaron Easker,982
Chi-Ung Yu,982
Sora Tsukada,982
Carlos Costa,982
Matt Hensley,982
Thomas Puzey,982
Itsuki Kanamaru,982
Naoki Inoue,982
Cole Atkins,982
Geert Jan Wassink,981
Jaafar Moradi,981
Stewart Harwell,981
David Kipkeoch Kipsang,981
Nate Guthals,981
Yuki Fujii,981
Aaron Nelson,980
Brady Threlfall,980
José Amado García,980
Alex Cheruiyot,980
Odkhuu Galerdene,980
Toshiyuki Fujimatsu,980
Fabian Anrig,980
Alex Bartilol,979
David Mansfield,979
Moses Kibire Kipruto,979
Adam Schroer,979
Joseph Mwangi,978
Yoshiki Otsuka,978
Marc Roig,978
Chris Thompson,977
Tyler Morse,977
Isaac Kimutai Ngeno,977
John Tello Zuniga,976
Kenedy Kiptoo Lilan,976
Mohammed Mussa,976
Yuki Nakamura,976
Charlie Hurt,976
Fredrick Murabula Monyango,976
Atlaw Debebe,976
Ramiro Guillen,975
Yusei Ito,975
Miguel Ferrer,975
Turner Wiley,975
Khalid Lablaq,975
Yuji Shibukawa,975
Ousman Jaiteh,974
Martin E. Olesen,974
Greg Leak,973
Zhenhua Mou,973
William Mutai,973
Sho Matsumoto,973
Myeong-Jun Kim,973
Josh Hibbs,973
Jeffrey Stein,972
Zhao Hao,972
Said Aarab,972
Manabu Yamada,972
Chris Burnett,972
Eliud Biwott,972
Sergio Pedraza González,972
Degefa Bekele,972
Juan Carlos Romero Bernal,971
Peter Kipleting,971
Boaz Kipyego,971
Josh Baden,971
Toshiki Yamaguchi,971
Julian Florez,971
Feleke Tulu,971
Kevin Colon,971
Jaouad Oumellal,970
Hosea Kiprotich,970
Luthando Hejana,970
David Melly,970
Shintaro Miyakawa,970
Kevin Coffey,970
Takaya Sakamoto,970
Luis Rivera,970
Charles Remillard,970
Oleg Grigoryev,969
Dmitrijs Serjogins,969
Rene' Cuneaz,969
Natham Peters,969
Jared Carson,969
Jumpei Yamaguchi,969
Nicholas Spector,969
Oscar Crisosstomo,969
Iván Zarco,969
José Moreira,968
Craig Ruddy,968
Wei Li,968
Romero Martin,968
Rashpal Singh,968
Erik Teig,968
Guta Abiyote,968
Ryan Archer,967
Daniel Vassallo,967
Dion Finocchiaro,967
Thomas Dialynas,967
Henry Sterling,966
Adrian Lehmann,966
Takashi Kono,966
Said Namli,966
Artur Kozlowski,965
Habtemariam Temesgen,965
Zach Barker,965
William Cheboi Rutto,965
Joash Koech,965
Jong-Pil Wang,965
Daniel Mcdonald-Meteer,964
John Bleday,964
John Busque,963
Sibusiso Madikizela,963
Alaa Hrioud,963
Moath Alkhawaldeh,963
Jose Manuel Vieito,963
Chase Pizzonia,963
Francesco Puppi,963
Fred Grönwall,963
Ambroise Uwiragiye,962
Kenta Murotsuka,962
Stephen Mungathia,962
Jacob Krolick,962
Zheati Zhan,962
Dongjie Duan,962
Mark Messmer,962
Taiyo Akiyama,961
David Kiplagat,961
Daverson Ramos,960
Minho Park,960
Ahmed El Jaddar,960
Matthew Sharp,960
Lungile Gongqa,960
Mthandazo Qhina,960
Patrick Rizzo,960
Bohdan Semenovych,960
Kevin Hansen,960
Matthew Hudson,959
Dmitriy Safronov,959
Rajpaul Pannu,959
Mohammad Abu Rezeq,959
Jordan Kyle,959
Stanlei Kipchirchir,959
Valdas Dopolskas,959
Shogo Taruki,959
Kieran O'Connor,959
David Magán,959
Michael Morris,959
Michael Voss,958
Anthony Tomsich,958
Chems Eddine Benghali,958
Futoshi Ebisawa,958
Firaa'Ol Eebbisaa,958
Carlos Trujillo,957
Durga Bahadur Budha,957
Zhenlong Zhang,957
Jason Simpson,957
John Dewitt,957
Masaharu Fukuda,957
Stephan Listabarth,957
Andrius Jaksevicius,957
Jamal Ahouchar,957
Kristof Nackaerts,956
Jesper Faurschou,956
Jorge Varela,956
David Marley,956
John Lorono,956
Kazuto Arishige,956
Tilahun Ayele Tariku,956
Tobias Schreindl,955
Matthew Cox,955
Daniel Adamu,955
Dominic Kangor,955
Melly Rodgers,955
Austin O'Brien,955
Mekhfioui Hammadi,955
Wordesemayat Ayele,955
Adam Bohach,955
Dominik Fabianowski,954
Luuk Metselaar,954
Tatsuya Itagaki,954
Hailu Getu,954
Patrick Reaves,954
Glen Burkhardt,954
Klas Johansson,954
James Kibocha Theuri,953
Michael Crawley,953
Luka Chelimo Kipkemboi,953
Haruki Okayama,953
Yuya Suzaki,953
Juan Paredes,953
Kennedy Kibet Rono,953
Fikru Dadi,952
Takashi Mino,952
Madoka Tanihara,952
Meng-Tsung Chu,952
David Rutto,952
Jacob Wæver Larsen,951
Emmanuel Kipruto,951
Pavlo Veretskyy,951
Kaito Kikuchi,951
Jason Thomas,951
Stephen Ndege,951
Andrew Leonard,951
Andreas Mcconville,951
Jochen Uhrig,951
Everett Hackett,950
Pierre Urruty,950
Sami Jibril,950
Samuel Pazanga,950
Yuki Kuroda,950
Dan Glaz,950
Jack Ruri,950
Chris Boyle,950
Lige Baobi,949
Zachary Dulabon,949
Aidan Hobbs,949
Jakub Szymankiewicz,949
Takehiko Gyoba,949
Tyler Andrews,949
David Mutai,949
Clint Mckelvey,949
Bechere Tura Kumbi,948
Agustin Sieres Gomez,948
Robbie Simpson,948
Solomon Keter,948
Alfred Koech,948
Dean Menzies,948
Tyson Miehe,947
Brian Harvey,947
Arnar Pétursson,946
Matt Rand,946
Nick Hilton,946
Yo-Han Park,946
Pedro Gomez,946
Jason Mcleod,946
Hongliang Liu,945
Javier Carriqueo,945
Andrey Smirnov,945
Takumi Matsumoto,945
Yasu Shimizu,945
Genichi Narita,945
Takahiro Yoshino,944
Conner Peloquin,944
Max Storms,944
Adilet Kyshtabekov,943
Tommi Hytönen,943
Stephen Clevenger,943
Debela Feysa,943
Prescott Leach,943
David Aparicio Fuertes,943
Duriel Hardy,943
Stephen Omiso Arita,942
Collins Chebei,942
Mu-Youn Kim,942
Andrey Minzhulin,942
Adrien Guiomar,942
Huawei Chen,942
Gladwin Sibabalwe Mzazi,941
Kevin Quinn,941
Ganyu Cheng,941
Calum Neff,941
Abdelhak Annajibi,941
Andrea Soffientini,941
Lloyd Biddell,941
Shun Sugimoto,941
Kristian Ulriksen,941
Elias Gemperli,940
Ruairi Moynihan,940
Mohammed Ilabi,940
Jacob Andrews,940
Clayton Young,939
Evans Tanui,939
Scott Westcott,939
Raoul Jankowski,939
Tim O'Donoghue,939
Nick Ross,939
Kristofer Låås,939
Juan Carlos Carera Casas,938
Chris Sloane,938
Micah Adams,938
James Connor,938
Panayiotis Karaiskos,938
Alec Baldwin,937
Artem Piddubnuy,937
Luyanda Tshangana,937
Andrey Yanovich,937
Jun-Oh Kim,937
Dickson Kurui,937
Manuel Gustavo Canar,937
Junki Onishi,936
Carmine Buccilli,936
Wan Chun Wong,936
Erik Stanley,936
Thomas Stevens,936
Rob Corney,936
Nick Golebiowski,935
Emmanuel Kipsang,935
Raúl Machacuay,935
Francisco Javier Martinez Fernandez,935
Amos Nyongo,935
Yonathan Abebe,935
Timo Göhler,935
Nikki Johnstone,935
Matt Welch,934
Alex Diltz,934
Tomas Hayes,934
Fernando Villarmin,934
Benjamin Heck,934
Lucio Ramirez,933
Robert Magut,933
Peng Li,933
Cristhian Zamora,932
Mohamed Ahmami,932
Daniel Kipkoech,932
Manuel Santiago Molina,932
Keisuke Yokota,932
Ben Cole,931
Thomas Fitzpatrick,931
Sher Singh,931
Niels Peter Nielsen,931
Samson Mutua,931
Phillip Freudenthal,931
Kenny Wilson,931
Jeroen Hendrikx,931
Jeremy Craven,930
Kjell De Hondt,930
Jilin Shi,930
Dae-Jin Lee,930
Andrew Lesser,930
Timothy Kasagam,930
Matt Boumeester,930
Tetsuo Toyonaga,929
Matt Marol,929
Goran Gardenic,929
Jorge Crespo Arias,929
Kall Khan,929
Shoichiro Sotoyama,929
Takamasa Kaya,929
Angel Muñoz Perez,929
Tsuyoshi Ugachi,928
Nick Van Der Poel,928
Cesar Andres Lizano,928
Tom Aldred,928
Tatsuya Yamamoto,928
Joseph Turner,928
Shuhei Enami,928
Alex Bampton,928
Pradep Singh Chaudhary,927
Eddie Mulder,927
Silas Dekalita,927
Stefan Hendtke,927
Rui Yong Soh,927
Oscar Caltenco,927
Robert Murphy,927
Ilya Zmaznev,927
Dong-Hyun Baek,927
Rongchao Gu,927
Christoforos Merousis,926
Tommy Kinders,926
Shota Jige,926
Kentaro Terada,926
Elias Sansar,925
Paul Molyneux,925
Rachid Benandane,925
Toshiyuki Iwahashi,925
Yasuo Ito,925
Michael Roda,925
Ricardo Pastó,925
Taisuke Ueda,925
Cillian O'Leary,924
Luke Humphrey,924
Taichi Mori,924
Kent Smith,924
Seth Demoor,924
Salvatore Gambino,924
Philip Kigen,924
Keiichiro Tomomori,924
Valentin Harwardt,923
Nicolas Dalmasso,923
Ramos Herrera Zavaleta,923
Jonathan Mott,923
Peter Falcon,923
Dan Craighead,923
Gilles Rubio,923
Lucky Mohale,922
Ahmad Smour,922
Dzmitriy Hryhoryeu,922
Kevin Pool,922
Daiki Ikeda,922
Raido Mitt,922
Grayson Hough,922
Kip Kangogo,921
Florian Le Vigouroux,921
Ben Zywicki,921
Matthew Hillard,921
Tim-Niklas Schwippel,921
Hiroaki Hurukawa,921
Isaac Toroitich Kosgei,920
Juan Miguel Moreno,920
Saidi Juma Makula,920
Raul Arcos,920
Waldir Ureta,920
Bao Yu,920
T-Roy Brown,920
Jin-Sung Park,920
Dylan Wykes,920
Ryo Kaneko,919
Fan Zhou,919
Diego Polo,919
Mubarak Al Marashda,919
Fernando Ruiz Sanchez,919
Tony Pkiror,919
David Duquesnoy,919
Thulani Magagula,919
Ivan Kuznetsov,919
Håvard Fjærli,919
Jeremy Arthur,919
Jaime Villa,919
Dave Marks,919
Nick Roche,918
Stephen Hallman,918
Hamza El Ouardi,918
Arnold Kibet,918
Stanly Kipruto,917
Ryan Smith,917
Abu Kebede,917
Tomohiro Ogawa,917
Geart Jorritsma,917
Francesco Nardone,917
Alberto Gonzalez,917
Patrice Labonte,916
Jeff Costen,916
Soichiro Shimizu,916
Kedir Namo,916
Anthony Ricardo,916
Jun-Hyuk Park,916
Pule Hlabahlaba,916
Remyo Tielsema,916
Dan Nash,915
Borja Pérez,915
Quinlan Moll,915
Mark Kirwan,915
Jesús Antonio Poblete,915
Dickson Marwa Mkami,915
David Vaš,915
Takumi Iwata,Marathon [30 km Road]
Tomohiro Tsuji,914
Fernando Gonzalez,914
Adil Alilech,913
Jamsran Olonbayar,913
Brad Kahlefeldt,913
Masayuki Kaseda,913
Han-Eul Jeong,913
Aziz Lakriti,913
Walter Suarez Williams,913
Sean O'Connor,912
Nasser Allali,912
Paul Piper,912
Ding-Bin Qian,912
Abdi Daud Roble,912
Mason Frank,912
Hironao Akizawa,912
Zouhair Oumoussa,912
Isaac Kipchirchir,912
Andreas Kempf,911
Steffen Uliczka,911
Hubing Wang,911
Naoyuki Jin,911
Robert Murphy,911
Santiago Serda Gaitan,911
Dae-Young Yu,911
Wangjiang Cen,911
Florian Bruno Millien,911
Claes Bengtsson,911
Vuyisile Tshoba,910
Amir Ramon,910
Nicolas Zalejski,910
Chris Retzlaff,910
Raymond Hynes,910
Colin Griffin,910
Ernesto Andrés Zamora,909
Wojciech Kopeć,909
Mark Olsen,909
Benjamin Hall,909
Kyle Doherty,909
Seung-Win Yang,909
Brian Finnel,909
Erik Anfält,909
Michael Marantelli,908
Joseph Aperumoi,908
Thomas Frazer,908
Tom Cornthwaite,908
Mitku Soboka Tulu,908
Israel Oropeza,908
Ben Matiso,908
Steven Casteele,907
Przemysław Dąbrowski,907
Craig Appleby,907
Dane Verwey,907
Pinehas Embashu,907
Matt Williams,907
Carles Montllor,907
Sung-Kwon Kang,907
Mitchell Ammons,907
Nick Bowker,907
William Fredericks,907
Zachary Ornelas,907
Shokhrukh Davlyatov,906
Yuya Konishi,906
Marius Skeide Ruth,906
Nathan Kwan,906
Linus Rosdal,906
Iván Arauzo,906
George Kipketer Towett,906
Brad Milosevic,905
Matti Rauma,905
Hannes Hähnel,905
Petr Pechek,905
Rinat Kashapov,905
Francis Nzyonki,905
Pedro Espinosa Perez,905
Shuiwang Ma,905
Björn Sandler,905
Ewan Cameron,905
Zhaoying Liu,905
Jozef Urban,904
Ben Bruce,904
Daisuke Ueda,904
Kenichi Kawai,904
Patrick Birch,904
Andrea Astolfi,904
